id;street_address;postal_code;city;state_province
1;after though consequently;whereas;Keshawnworth;arctic or foul
2;bah;vacantly atop;Steubertown;phew terribly
3;fallacy;towards;Fort Leanne;gazump behind as
4;hmph enrollment;drab despite;Huelland;nimble drat
5;awesome teletype plus;poor;Jessikafield;hourly theory
6;blackmail why;if foolhardy;Malden;amid and
7;descendant skin rig;what visible con;Centreville;exhausted
8;electrify shy;tensely;Pasco;among
9;er dancer idealistic;aboard not verifiable;East Emmanuelview;reorganise forenenst
10;truthfully overclocking analogue;predicate apprise reapply;Goodwinstead;next rectangular whilst
